message_id,self_confidence
train_00003,95.0
train_00014,100.0
train_00029,90.0
train_00031,95.0
train_00033,95.0
train_00035,95.0
train_00039,95.0
train_00076,95.0
train_00080,95.0
train_00088,95.0
train_00092,98.0
train_00096,100.0
train_00101,95.0
train_00106,100.0
train_00107,95.0
train_00108,95.0
train_00119,95.0
train_00251,100.0
train_00259,90.0
train_00263,90.0
train_00290,85.0
train_00303,100.0
train_00304,95.0
train_00311,90.0
train_00321,100.0
train_00333,95.0
train_00346,100.0
train_00360,100.0
train_00367,100.0
train_00388,95.0
train_00416,100.0
train_00439,95.0
train_00483,85.0
train_00487,100.0
train_00500,95.0
train_00510,90.0
train_00518,90.0
train_00568,95.0
train_00576,90.0
train_00582,95.0
train_00621,90.0
train_00623,95.0
train_00624,95.0
train_00668,95.0
train_00673,85.0
train_00713,95.0
train_00733,90.0
train_00735,90.0
train_00765,100.0
train_00794,85.0
train_00795,95.0
train_00799,90.0
train_00850,100.0
train_00932,85.0
train_00960,100.0
train_00965,90.0
train_00970,100.0
train_01056,85.0
train_01076,85.0
train_01107,100.0
train_01111,85.0
train_01112,95.0
train_01121,100.0
train_01123,100.0
train_01145,100.0
train_01147,100.0
train_01149,95.0
train_01155,95.0
train_01156,95.0
train_01190,90.0
train_01199,95.0
train_01224,95.0
train_01277,85.0
train_01330,90.0
train_01355,90.0
train_01369,85.0
train_01373,95.0
train_01393,95.0
train_01413,95.0
train_01432,100.0
train_01470,90.0
train_01479,100.0
train_01496,100.0
train_01516,100.0
train_01543,95.0
train_01576,100.0
train_01599,100.0
train_01616,100.0
train_01617,100.0
train_01623,100.0
train_01672,100.0
train_01684,100.0
train_01688,85.0
train_01780,95.0
train_01783,95.0
train_01835,95.0
train_01864,85.0
train_01886,100.0
train_01891,80.0
train_01915,95.0
train_01965,95.0
train_01981,95.0
train_02069,100.0
train_02124,90.0
train_02149,90.0
train_02167,100.0
train_02178,85.0
train_02191,100.0
train_02199,85.0
train_02227,100.0
train_02233,95.0
train_02249,95.0
train_02310,90.0
train_02316,95.0
train_02328,95.0
train_02340,95.0
train_02344,90.0
train_02348,90.0
train_02362,90.0
train_02375,95.0
train_02407,90.0
train_02447,95.0
train_02455,90.0
train_02464,95.0
train_02478,90.0
train_02483,95.0
train_02492,95.0
train_02519,95.0
train_02545,90.0
train_02586,90.0
train_02620,85.0
train_02638,90.0
train_02680,90.0
train_02685,85.0
train_02689,85.0
train_02742,95.0
train_02766,95.0
train_02771,95.0
train_02777,95.0
train_02855,95.0
train_02906,90.0
train_02930,95.0
train_02948,95.0
train_03002,100.0
train_03007,95.0
train_03012,95.0
train_03024,100.0
train_03032,100.0
train_03071,95.0
train_03131,85.0
train_03146,100.0
train_03149,95.0
train_03181,100.0
train_03204,85.0
train_03231,100.0
train_03288,90.0
train_03290,85.0
train_03295,95.0
train_03314,95.0
train_03315,95.0
train_03320,95.0
train_03352,90.0
train_03379,100.0
train_03381,95.0
train_03410,100.0
train_03412,95.0
train_03429,100.0
train_03441,95.0
train_03448,100.0
train_03464,95.0
train_03473,95.0
train_03495,100.0
train_03518,90.0
train_03532,100.0
train_03543,85.0
train_03544,100.0
train_03555,90.0
train_03597,100.0
train_03601,95.0
train_03608,90.0
train_03689,95.0
train_03720,100.0
train_03739,95.0
train_03798,100.0
train_03815,90.0
train_03827,95.0
train_03857,100.0
train_03859,100.0
train_03860,95.0
train_03912,95.0
train_03942,95.0
train_03960,90.0
train_03979,90.0
train_03989,90.0
train_04001,100.0
train_04023,95.0
train_04043,90.0
train_04047,90.0
train_04058,95.0
train_04060,90.0
train_04112,100.0
train_04127,100.0
train_04132,100.0
train_04151,100.0
train_04161,100.0
train_04169,100.0
train_04192,90.0
train_04209,100.0
train_04245,0.0
train_04246,90.0
train_04270,70.0
train_04332,90.0
train_04343,70.0
train_04352,95.0
train_04367,95.0
train_04386,85.0
train_04407,95.0
train_04415,90.0
train_04474,100.0
train_04483,100.0
train_04518,95.0
train_04522,95.0
train_04560,85.0
train_04565,95.0
train_04608,95.0
train_04609,100.0
train_04614,100.0
train_04617,95.0
train_04625,100.0
train_04657,95.0
train_04671,95.0
train_04685,100.0
train_04689,95.0
train_04731,95.0
train_04738,95.0
train_04755,95.0
train_04759,100.0
train_04808,90.0
train_04852,95.0
train_04864,95.0
train_04919,100.0
train_04932,100.0
train_04938,90.0
train_04950,95.0
train_04992,100.0
train_04993,95.0
train_05053,95.0
train_05062,95.0
train_05070,95.0
train_05090,95.0
train_05095,85.0
train_05114,90.0
train_05129,90.0
train_05137,85.0
train_05192,95.0
train_05212,95.0
train_05272,100.0
train_05338,95.0
train_05377,85.0
train_05389,100.0
train_05406,95.0
train_05457,100.0
train_05474,85.0
train_05492,90.0
train_05506,90.0
train_05550,90.0
train_05570,95.0
train_05573,95.0
train_05589,95.0
train_05617,95.0
train_05665,85.0
train_05702,95.0
train_05706,95.0
train_05712,85.0
train_05747,95.0
train_05748,95.0
train_05836,85.0
train_05837,90.0
train_05839,85.0
train_05846,100.0
train_05856,95.0
train_05859,100.0
train_05903,95.0
train_05909,95.0
train_05911,90.0
train_05957,85.0
train_05969,90.0
train_05987,95.0
train_05991,100.0
train_05993,95.0
train_06001,95.0
train_06008,90.0
train_06018,100.0
train_06022,100.0
train_06055,95.0
train_06065,90.0
train_06066,100.0
train_06069,95.0
train_06079,95.0
train_06114,95.0
train_06119,95.0
train_06134,85.0
train_06148,100.0
train_06152,100.0
train_06203,100.0
train_06220,90.0
train_06223,100.0
train_06249,100.0
train_06271,95.0
train_06292,100.0
train_06311,95.0
train_06321,95.0
train_06325,100.0
train_06351,85.0
train_06385,95.0
train_06398,95.0
train_06412,100.0
train_06427,60.0
train_06452,95.0
train_06460,80.0
train_06473,100.0
train_06475,95.0
train_06478,60.0
train_06496,85.0
train_06537,90.0
train_06547,95.0
train_06553,85.0
train_06555,90.0
train_06561,95.0
train_06568,90.0
train_06586,100.0
train_06670,95.0
train_06693,95.0
train_06720,95.0
train_06726,90.0
train_06728,60.0
train_06730,90.0
train_06768,90.0
train_06774,95.0
train_06785,90.0
train_06803,80.0
train_06804,90.0
train_06811,95.0
train_06815,85.0
train_06829,90.0
train_06830,85.0
train_06832,90.0
train_06875,95.0
train_06883,100.0
train_06890,100.0
train_06901,95.0
train_06903,95.0
train_06911,95.0
train_06972,100.0
train_06978,95.0
train_06992,100.0
train_06993,95.0
train_07001,95.0
train_07020,95.0
train_07023,100.0
train_07076,95.0
train_07111,90.0
train_07159,85.0
train_07172,70.0
train_07194,95.0
train_07207,95.0
train_07209,95.0
train_07217,95.0
train_07255,95.0
train_07263,95.0
train_07289,100.0
train_07304,95.0
train_07354,85.0
train_07371,90.0
train_07382,90.0
train_07387,100.0
train_07401,90.0
train_07432,75.0
train_07448,90.0
train_07450,85.0
train_07475,95.0
train_07512,95.0
train_07548,95.0
train_07552,85.0
train_07580,100.0
train_07646,75.0
train_07647,100.0
train_07661,90.0
train_07684,95.0
train_07696,100.0
train_07753,90.0
train_07769,95.0
train_07799,90.0
train_07812,65.0
train_07825,85.0
train_07852,95.0
train_07911,95.0
train_07924,95.0
train_07934,95.0
train_07949,100.0
train_07963,100.0
train_07983,100.0
train_08019,95.0
train_08030,95.0
train_08031,90.0
train_08048,100.0
train_08072,95.0
train_08080,95.0
train_08117,95.0
train_08126,100.0
train_08153,95.0
train_08163,85.0
train_08178,100.0
train_08184,95.0
train_08201,95.0
train_08206,75.0
train_08237,90.0
train_08243,95.0
train_08262,90.0
train_08264,95.0
train_08266,90.0
train_08345,95.0
train_08360,95.0
train_08421,85.0
train_08425,85.0
train_08448,90.0
train_08449,100.0
train_08514,95.0
train_08540,95.0
train_08563,95.0
train_08573,90.0
train_08578,92.0
train_08579,95.0
train_08596,95.0
train_08601,95.0
train_08617,95.0
train_08686,95.0
train_08695,85.0
train_08697,90.0
train_08737,95.0
train_08789,90.0
train_08816,40.0
train_08821,85.0
train_08827,75.0
train_08856,95.0
train_08893,95.0
train_08898,95.0
train_08927,95.0
train_08968,95.0
train_08988,85.0
train_09020,100.0
train_09052,90.0
train_09054,85.0
train_09066,95.0
train_09128,100.0
train_09134,100.0
train_09164,95.0
train_09177,90.0
train_09198,100.0
train_09224,100.0
train_09241,100.0
train_09271,100.0
train_09300,100.0
train_09350,95.0
train_09361,95.0
train_09372,100.0
train_09420,95.0
train_09448,95.0
train_09493,100.0
train_09511,90.0
train_09512,95.0
train_09543,80.0
train_09550,95.0
train_09551,100.0
train_09560,95.0
train_09596,100.0
train_09632,90.0
train_09633,100.0
train_09646,90.0
train_09658,100.0
train_09686,100.0
train_09699,100.0
train_09704,85.0
train_09717,95.0
train_09722,100.0
train_09728,95.0
train_09771,95.0
train_09774,95.0
train_09806,95.0
train_09816,100.0
train_09820,95.0
train_09863,85.0
train_09865,95.0
train_09876,85.0
train_09893,100.0
train_09923,90.0
train_09965,95.0
train_09967,100.0
train_09968,100.0
train_09977,100.0
