contender,confidence_band,messages,accuracy
A,0-49,53,39.6%
A,50-59,57,36.8%
A,60-69,64,45.3%
A,70-79,55,63.6%
A,80-89,92,70.7%
A,90-100,679,91.6%
B,0-49,45,44.4%
B,50-59,53,43.4%
B,60-69,64,57.8%
B,70-79,63,65.1%
B,80-89,81,65.4%
B,90-100,694,92.5%
C,0-49,32,25.0%
C,50-59,37,43.2%
C,60-69,103,62.1%
C,70-79,138,69.6%
C,80-89,237,86.1%
C,90-100,453,96.0%
D,0-49,74,35.1%
D,50-59,0,-
D,60-69,2,100.0%
D,70-79,94,47.9%
D,80-89,240,70.4%
D,90-100,590,89.3%
F,0-49,19,21.1%
F,50-59,34,38.2%
F,60-69,82,50.0%
F,70-79,125,64.0%
F,80-89,224,77.7%
F,90-100,516,95.3%
J,0-49,74,32.4%
J,50-59,19,52.6%
J,60-69,28,60.7%
J,70-79,27,33.3%
J,80-89,64,56.2%
J,90-100,788,82.6%
K,0-49,94,21.3%
K,50-59,21,47.6%
K,60-69,24,37.5%
K,70-79,36,44.4%
K,80-89,57,40.4%
K,90-100,768,84.1%
